Workbook

Sheet Weekly Tracker
A1: AZZAR ELECTRIC GATE — WEEKLY LEAD TRACKER
A2: Fill in the yellow cells each week. Target: 10 hot leads / week minimum (see framework doc for the hot-lead definition).
A4: Week Starting | B4: Raw Leads | C4: Hot Leads | D4: Site Visits Booked | E4: Ad Spend ($) | F4: Cost per Hot Lead ($) | G4: Avg Response Time (hrs) | H4: Leads — Ads | I4: Leads — WhatsApp | J4: Leads — Website Organic | K4: Contracts Won | L4: Site Visit → Close Rate | M4: Notes
A5: EXAMPLE — delete this row | B5: 14 | C5: 9 | D5: 6 | E5: 150 | F5: =IFERROR(E5/C5,"-") | G5: 3.5 | H5: 9 | I5: 4 | J5: 1 | K5: 1 | L5: =IFERROR(K5/D5,"-") | M5: First week of testing, Safety angle led
F6: =IFERROR(E6/C6,"-") | L6: =IFERROR(K6/D6,"-")
F7: =IFERROR(E7/C7,"-") | L7: =IFERROR(K7/D7,"-")
F8: =IFERROR(E8/C8,"-") | L8: =IFERROR(K8/D8,"-")
F9: =IFERROR(E9/C9,"-") | L9: =IFERROR(K9/D9,"-")
F10: =IFERROR(E10/C10,"-") | L10: =IFERROR(K10/D10,"-")
F11: =IFERROR(E11/C11,"-") | L11: =IFERROR(K11/D11,"-")
F12: =IFERROR(E12/C12,"-") | L12: =IFERROR(K12/D12,"-")
F13: =IFERROR(E13/C13,"-") | L13: =IFERROR(K13/D13,"-")
F14: =IFERROR(E14/C14,"-") | L14: =IFERROR(K14/D14,"-")
F15: =IFERROR(E15/C15,"-") | L15: =IFERROR(K15/D15,"-")
F16: =IFERROR(E16/C16,"-") | L16: =IFERROR(K16/D16,"-")
F17: =IFERROR(E17/C17,"-") | L17: =IFERROR(K17/D17,"-")
A19: TOTAL / AVERAGE | B19: =SUM(B6:B17) | C19: =SUM(C6:C17) | D19: =SUM(D6:D17) | E19: =SUM(E6:E17) | F19: =IFERROR(E19/C19,"-") | G19: =IFERROR(AVERAGE(G6:G17),"-") | H19: =SUM(H6:H17) | I19: =SUM(I6:I17) | J19: =SUM(J6:J17) | K19: =SUM(K6:K17) | L19: =IFERROR(K19/D19,"-")
A22: Legend
A23: • Yellow cells = fill in weekly. White formula cells recalculate automatically — do not overwrite.
A24: • Hot Lead definition (from the framework doc): real contact info captured + qualification questions completed + active intent expressed.
A25: • Raw Leads = every contact captured (ads, landing page, WhatsApp). Hot Leads = the subset meeting the definition above.
A26: • Ad Spend / Cost per Hot Lead: pull from Meta Ads Manager for the matching week.
A27: • Leads — Ads / WhatsApp / Website Organic: from Brevo LEAD_SOURCE breakdown.
A28: • Delete the italic EXAMPLE row before using this sheet for real data.

Sheet Summary
A1: CAMPAIGN SUMMARY
A3: Total weeks tracked | D3: =COUNT('Weekly Tracker'!C6:C17)
A4: Total raw leads | D4: ='Weekly Tracker'!B19
A5: Total hot leads | D5: ='Weekly Tracker'!C19
A6: Average hot leads / week | D6: =IFERROR('Weekly Tracker'!C19/COUNT('Weekly Tracker'!C6:C17),"-")
A7: Target hot leads / week | D7: 10
A8: On track vs. target? | D8: =IF(AND(ISNUMBER(D6),D6>=D7),"Yes","No")
A9: Total site visits booked | D9: ='Weekly Tracker'!D19
A10: Total contracts won | D10: ='Weekly Tracker'!K19
A11: Overall site-visit → close rate | D11: ='Weekly Tracker'!L19
A12: Total ad spend ($) | D12: ='Weekly Tracker'!E19
A13: Overall cost per hot lead ($) | D13: ='Weekly Tracker'!F19
